Id,MoveId,MetaCategoryId,MetaAilmentId,MinHits,MaxHits,MinTurns,MaxTurns,Drain,Healing,CritRate,AilmentChance,FlinchChance,StatChance
1,1,0,0,,,,,0,0,0,0,0,0
2,2,0,0,,,,,0,0,1,0,0,0
3,3,0,0,2,5,,,0,0,0,0,0,0
4,4,0,0,2,5,,,0,0,0,0,0,0
5,5,0,0,,,,,0,0,0,0,0,0
6,6,0,0,,,,,0,0,0,0,0,0
7,7,4,4,,,,,0,0,0,10,0,0
8,8,4,3,,,,,0,0,0,10,0,0
9,9,4,1,,,,,0,0,0,10,0,0
10,10,0,0,,,,,0,0,0,0,0,0
11,11,0,0,,,,,0,0,0,0,0,0
12,12,9,0,,,,,0,0,0,0,0,0
13,13,0,0,,,,,0,0,1,0,0,0
14,14,2,0,,,,,0,0,0,0,0,0
15,15,0,0,,,,,0,0,0,0,0,0
16,16,0,0,,,,,0,0,0,0,0,0
17,17,0,0,,,,,0,0,0,0,0,0
18,18,12,0,,,,,0,0,0,0,0,0
19,19,0,0,,,,,0,0,0,0,0,0
20,20,4,8,,,5,6,0,0,0,100,0,0
21,21,0,0,,,,,0,0,0,0,0,0
22,22,0,0,,,,,0,0,0,0,0,0
23,23,0,0,,,,,0,0,0,0,30,0
24,24,0,0,2,2,,,0,0,0,0,0,0
25,25,0,0,,,,,0,0,0,0,0,0
26,26,0,0,,,,,0,0,0,0,0,0
27,27,0,0,,,,,0,0,0,0,30,0
28,28,2,0,,,,,0,0,0,0,0,0
29,29,0,0,,,,,0,0,0,0,30,0
30,30,0,0,,,,,0,0,0,0,0,0
31,31,0,0,2,5,,,0,0,0,0,0,0
32,32,9,0,,,,,0,0,0,0,0,0
33,33,0,0,,,,,0,0,0,0,0,0
34,34,4,1,,,,,0,0,0,30,0,0
35,35,4,8,,,5,6,0,0,0,100,0,0
36,36,0,0,,,,,-25,0,0,0,0,0
37,37,0,0,,,,,0,0,0,0,0,0
38,38,0,0,,,,,-33,0,0,0,0,0
39,39,2,0,,,,,0,0,0,0,0,0
40,40,4,5,,,,,0,0,0,30,0,0
41,41,4,5,2,2,,,0,0,0,20,0,0
42,42,0,0,2,5,,,0,0,0,0,0,0
43,43,2,0,,,,,0,0,0,0,0,100
44,44,0,0,,,,,0,0,0,0,30,0
45,45,2,0,,,,,0,0,0,0,0,0
46,46,12,0,,,,,0,0,0,0,0,0
47,47,1,2,,,2,4,0,0,0,0,0,0
48,48,1,6,,,2,5,0,0,0,0,0,0
49,49,0,0,,,,,0,0,0,0,0,0
50,50,13,13,,,4,4,0,0,0,0,0,0
51,51,6,0,,,,,0,0,0,0,0,10
52,52,4,4,,,,,0,0,0,10,0,0
53,53,4,4,,,,,0,0,0,10,0,0
54,54,11,0,,,,,0,0,0,0,0,0
55,55,0,0,,,,,0,0,0,0,0,0
56,56,0,0,,,,,0,0,0,0,0,0
57,57,0,0,,,,,0,0,0,0,0,0
58,58,4,3,,,,,0,0,0,10,0,0
59,59,4,3,,,,,0,0,0,10,0,0
60,60,4,6,,,2,5,0,0,0,10,0,0
61,61,6,0,,,,,0,0,0,0,0,10
62,62,6,0,,,,,0,0,0,0,0,10
63,63,0,0,,,,,0,0,0,0,0,0
64,64,0,0,,,,,0,0,0,0,0,0
65,65,0,0,,,,,0,0,0,0,0,0
66,66,0,0,,,,,-25,0,0,0,0,0
67,67,0,0,,,,,0,0,0,0,0,0
68,68,0,0,,,,,0,0,0,0,0,0
69,69,0,0,,,,,0,0,0,0,0,0
70,70,0,0,,,,,0,0,0,0,0,0
71,71,8,0,,,,,50,0,0,0,0,0
72,72,8,0,,,,,50,0,0,0,0,0
73,73,1,18,,,,,0,0,0,0,0,0
74,74,2,0,,,,,0,0,0,0,0,0
75,75,0,0,,,,,0,0,1,0,0,0
76,76,0,0,,,,,0,0,0,0,0,0
77,77,1,5,,,,,0,0,0,0,0,0
78,78,1,1,,,,,0,0,0,0,0,0
79,79,1,2,,,2,4,0,0,0,0,0,0
80,80,0,0,,,,,0,0,0,0,0,0
81,81,2,0,,,,,0,0,0,0,0,0
82,82,0,0,,,,,0,0,0,0,0,0
83,83,4,8,,,5,6,0,0,0,100,0,0
84,84,4,1,,,,,0,0,0,10,0,0
85,85,4,1,,,,,0,0,0,10,0,0
86,86,1,1,,,,,0,0,0,0,0,0
87,87,4,1,,,,,0,0,0,30,0,0
88,88,0,0,,,,,0,0,0,0,0,0
89,89,0,0,,,,,0,0,0,0,0,0
90,90,9,0,,,,,0,0,0,0,0,0
91,91,0,0,,,,,0,0,0,0,0,0
92,92,1,5,,,15,15,0,0,0,0,0,0
93,93,4,6,,,2,5,0,0,0,10,0,0
94,94,6,0,,,,,0,0,0,0,0,10
95,95,1,2,,,2,4,0,0,0,0,0,0
96,96,2,0,,,,,0,0,0,0,0,0
97,97,2,0,,,,,0,0,0,0,0,0
98,98,0,0,,,,,0,0,0,0,0,0
99,99,0,0,,,,,0,0,0,0,0,0
100,100,13,0,,,,,0,0,0,0,0,0
101,101,0,0,,,,,0,0,0,0,0,0
102,102,13,0,,,,,0,0,0,0,0,0
103,103,2,0,,,,,0,0,0,0,0,0
104,104,2,0,,,,,0,0,0,0,0,0
105,105,3,0,,,,,0,50,0,0,0,0
106,106,2,0,,,,,0,0,0,0,0,0
107,107,2,0,,,,,0,0,0,0,0,0
108,108,2,0,,,,,0,0,0,0,0,0
109,109,1,6,,,2,5,0,0,0,0,0,0
110,110,2,0,,,,,0,0,0,0,0,0
111,111,2,0,,,,,0,0,0,0,0,0
112,112,2,0,,,,,0,0,0,0,0,0
113,113,11,0,,,,,0,0,0,0,0,0
114,114,10,0,,,,,0,0,0,0,0,0
115,115,11,0,,,,,0,0,0,0,0,0
116,116,13,0,,,,,0,0,0,0,0,0
117,117,0,0,,,,,0,0,0,0,0,0
118,118,13,0,,,,,0,0,0,0,0,0
119,119,13,0,,,,,0,0,0,0,0,0
120,120,0,0,,,,,0,0,0,0,0,0
121,121,0,0,,,,,0,0,0,0,0,0
122,122,4,1,,,,,0,0,0,30,0,0
123,123,4,5,,,,,0,0,0,40,0,0
124,124,4,5,,,,,0,0,0,30,0,0
125,125,0,0,,,,,0,0,0,0,10,0
126,126,4,4,,,,,0,0,0,10,0,0
127,127,0,0,,,,,0,0,0,0,20,0
128,128,4,8,,,5,6,0,0,0,100,0,0
129,129,0,0,,,,,0,0,0,0,0,0
130,130,0,0,,,,,0,0,0,100,0,0
131,131,0,0,2,5,,,0,0,0,0,0,0
132,132,6,0,,,,,0,0,0,0,0,10
133,133,2,0,,,,,0,0,0,0,0,0
134,134,2,0,,,,,0,0,0,0,0,0
135,135,3,0,,,,,0,50,0,0,0,0
136,136,0,0,,,,,0,0,0,0,0,0
137,137,1,1,,,,,0,0,0,0,0,0
138,138,8,0,,,,,50,0,0,0,0,0
139,139,1,5,,,,,0,0,0,0,0,0
140,140,0,0,2,5,,,0,0,0,0,0,0
141,141,8,0,,,,,50,0,0,0,0,0
142,142,1,2,,,2,4,0,0,0,0,0,0
143,143,0,0,,,,,0,0,1,0,30,0
144,144,13,0,,,,,0,0,0,0,0,0
145,145,6,0,,,,,0,0,0,0,0,10
146,146,4,6,,,2,5,0,0,0,20,0,0
147,147,1,2,,,2,4,0,0,0,0,0,0
148,148,2,0,,,,,0,0,0,0,0,0
149,149,0,0,,,,,0,0,0,0,0,0
150,150,13,0,,,,,0,0,0,0,0,0
151,151,2,0,,,,,0,0,0,0,0,0
152,152,0,0,,,,,0,0,1,0,0,0
153,153,0,0,,,,,0,0,0,0,0,0
154,154,0,0,2,5,,,0,0,0,0,0,0
155,155,0,0,2,2,,,0,0,0,0,0,0
156,156,13,0,,,,,0,0,0,0,0,0
157,157,0,0,,,,,0,0,0,0,30,0
158,158,0,0,,,,,0,0,0,0,10,0
159,159,2,0,,,,,0,0,0,0,0,0
160,160,13,0,,,,,0,0,0,0,0,0
161,161,4,-1,,,,,0,0,0,20,0,0
162,162,0,0,,,,,0,0,0,0,0,0
163,163,0,0,,,,,0,0,1,0,0,0
164,164,13,0,,,,,0,0,0,0,0,0
165,165,0,0,,,,,0,-25,0,0,0,0
166,166,13,0,,,,,0,0,0,0,0,0
167,167,0,0,3,3,,,0,0,0,0,0,0
168,168,0,0,,,,,0,0,0,0,0,0
169,169,13,0,,,,,0,0,0,0,0,0
170,170,13,0,,,,,0,0,0,0,0,0
171,171,1,9,,,,,0,0,0,0,0,0
172,172,4,4,,,,,0,0,0,10,0,0
173,173,0,0,,,,,0,0,0,0,30,0
174,174,13,0,,,,,0,0,0,0,0,0
175,175,0,0,,,,,0,0,0,0,0,0
176,176,13,0,,,,,0,0,0,0,0,0
177,177,0,0,,,,,0,0,1,0,0,0
178,178,2,0,,,,,0,0,0,0,0,0
179,179,0,0,,,,,0,0,0,0,0,0
180,180,13,0,,,,,0,0,0,0,0,0
181,181,4,3,,,,,0,0,0,10,0,0
182,182,13,0,,,,,0,0,0,0,0,0
183,183,0,0,,,,,0,0,0,0,0,0
184,184,2,0,,,,,0,0,0,0,0,0
185,185,0,0,,,,,0,0,0,0,0,0
186,186,1,6,,,2,5,0,0,0,0,0,0
187,187,13,0,,,,,0,0,0,0,0,0
188,188,4,5,,,,,0,0,0,30,0,0
189,189,6,0,,,,,0,0,0,0,0,100
190,190,6,0,,,,,0,0,0,0,0,50
191,191,11,0,,,,,0,0,0,0,0,0
192,192,4,1,,,,,0,0,0,100,0,0
193,193,1,17,,,,,0,0,0,0,0,0
194,194,13,0,,,,,0,0,0,0,0,0
195,195,1,20,,,4,4,0,0,0,0,0,0
196,196,6,0,,,,,0,0,0,0,0,100
197,197,13,0,,,,,0,0,0,0,0,0
198,198,0,0,2,5,,,0,0,0,0,0,0
199,199,13,0,,,,,0,0,0,0,0,0
200,200,0,0,,,,,0,0,0,0,0,0
201,201,10,0,,,,,0,0,0,0,0,0
202,202,8,0,,,,,50,0,0,0,0,0
203,203,13,0,,,,,0,0,0,0,0,0
204,204,2,0,,,,,0,0,0,0,0,0
205,205,0,0,,,,,0,0,0,0,0,0
206,206,0,0,,,,,0,0,0,0,0,0
207,207,5,6,,,2,5,0,0,0,0,0,0
208,208,3,0,,,,,0,50,0,0,0,0
209,209,4,1,,,,,0,0,0,30,0,0
210,210,0,0,,,,,0,0,0,0,0,0
211,211,7,0,,,,,0,0,0,0,0,10
212,212,13,0,,,,,0,0,0,0,0,0
213,213,1,7,,,,,0,0,0,0,0,0
214,214,13,0,,,,,0,0,0,0,0,0
215,215,13,0,,,,,0,0,0,0,0,0
216,216,0,0,,,,,0,0,0,0,0,0
217,217,0,0,,,,,0,0,0,0,0,0
218,218,0,0,,,,,0,0,0,0,0,0
219,219,11,0,,,,,0,0,0,0,0,0
220,220,13,0,,,,,0,0,0,0,0,0
221,221,4,4,,,,,0,0,0,50,0,0
222,222,0,0,,,,,0,0,0,0,0,0
223,223,4,6,,,2,5,0,0,0,100,0,0
224,224,0,0,,,,,0,0,0,0,0,0
225,225,4,1,,,,,0,0,0,30,0,0
226,226,13,0,,,,,0,0,0,0,0,0
227,227,13,0,,,,,0,0,0,0,0,0
228,228,0,0,,,,,0,0,0,0,0,0
229,229,7,0,,,,,0,0,0,0,0,100
230,230,2,0,,,,,0,0,0,0,0,0
231,231,6,0,,,,,0,0,0,0,0,30
232,232,7,0,,,,,0,0,0,0,0,10
233,233,0,0,,,,,0,0,0,0,0,0
234,234,3,0,,,,,0,50,0,0,0,0
235,235,3,0,,,,,0,50,0,0,0,0
236,236,3,0,,,,,0,50,0,0,0,0
237,237,0,0,,,,,0,0,0,0,0,0
238,238,0,0,,,,,0,0,1,0,0,0
239,239,0,0,,,,,0,0,0,0,20,0
240,240,10,0,,,,,0,0,0,0,0,0
241,241,10,0,,,,,0,0,0,0,0,0
242,242,6,0,,,,,0,0,0,0,0,20
243,243,0,0,,,,,0,0,0,0,0,0
244,244,13,0,,,,,0,0,0,0,0,0
245,245,0,0,,,,,0,0,0,0,0,0
246,246,7,0,,,,,0,0,0,0,0,10
247,247,6,0,,,,,0,0,0,0,0,20
248,248,13,0,,,,,0,0,0,0,0,0
249,249,6,0,,,,,0,0,0,0,0,50
250,250,4,8,,,5,6,0,0,0,100,0,0
251,251,0,0,6,6,,,0,0,0,0,0,0
252,252,0,0,,,,,0,0,0,0,100,0
253,253,0,0,,,,,0,0,0,0,0,0
254,254,13,0,,,,,0,0,0,0,0,0
255,255,0,0,,,,,0,0,0,0,0,0
256,256,3,0,,,,,0,25,0,0,0,0
257,257,4,4,,,,,0,0,0,10,0,0
258,258,10,0,,,,,0,0,0,0,0,0
259,259,1,12,,,,,0,0,0,0,0,0
260,260,5,6,,,2,5,0,0,0,0,0,0
261,261,1,4,,,,,0,0,0,0,0,0
262,262,13,0,,,,,0,0,0,0,0,0
263,263,0,0,,,,,0,0,0,0,0,0
264,264,0,0,,,,,0,0,0,0,0,0
265,265,0,0,,,,,0,0,0,0,0,0
266,266,13,0,,,,,0,0,0,0,0,0
267,267,13,0,,,,,0,0,0,0,0,0
268,268,2,0,,,,,0,0,0,0,0,0
269,269,13,0,,,,,0,0,0,0,0,0
270,270,13,0,,,,,0,0,0,0,0,0
271,271,13,0,,,,,0,0,0,0,0,0
272,272,13,0,,,,,0,0,0,0,0,0
273,273,13,0,,,,,0,0,0,0,0,0
274,274,13,0,,,,,0,0,0,0,0,0
275,275,1,21,,,,,0,0,0,0,0,0
276,276,7,0,,,,,0,0,0,0,0,100
277,277,13,0,,,,,0,0,0,0,0,0
278,278,13,0,,,,,0,0,0,0,0,0
279,279,0,0,,,,,0,0,0,0,0,0
280,280,0,0,,,,,0,0,0,0,0,0
281,281,1,14,,,2,2,0,0,0,0,0,0
282,282,0,0,,,,,0,0,0,0,0,0
283,283,0,0,,,,,0,0,0,0,0,0
284,284,0,0,,,,,0,0,0,0,0,0
285,285,13,0,,,,,0,0,0,0,0,0
286,286,13,0,,,,,0,0,0,0,0,0
287,287,13,0,,,,,0,0,0,0,0,0
288,288,13,0,,,,,0,0,0,0,0,0
289,289,13,0,,,,,0,0,0,0,0,0
290,290,0,0,,,,,0,0,0,30,0,0
291,291,0,0,,,,,0,0,0,0,0,0
292,292,0,0,2,5,,,0,0,0,0,0,0
293,293,13,0,,,,,0,0,0,0,0,0
294,294,2,0,,,,,0,0,0,0,0,0
295,295,6,0,,,,,0,0,0,0,0,50
296,296,6,0,,,,,0,0,0,0,0,50
297,297,2,0,,,,,0,0,0,0,0,0
298,298,1,6,,,2,5,0,0,0,0,0,0
299,299,4,4,,,,,0,0,1,10,0,0
300,300,10,0,,,,,0,0,0,0,0,0
301,301,0,0,,,,,0,0,0,0,0,0
302,302,0,0,,,,,0,0,0,0,30,0
303,303,3,0,,,,,0,50,0,0,0,0
304,304,0,0,,,,,0,0,0,0,0,0
305,305,4,5,,,15,15,0,0,0,50,0,0
306,306,6,0,,,,,0,0,0,0,0,50
307,307,0,0,,,,,0,0,0,0,0,0
308,308,0,0,,,,,0,0,0,0,0,0
309,309,7,0,,,,,0,0,0,0,0,20
310,310,0,0,,,,,0,0,0,0,30,0
311,311,0,0,,,,,0,0,0,0,0,0
312,312,13,0,,,,,0,0,0,0,0,0
313,313,2,0,,,,,0,0,0,0,0,0
314,314,0,0,,,,,0,0,1,0,0,0
315,315,7,0,,,,,0,0,0,0,0,100
316,316,1,17,,,,,0,0,0,0,0,0
317,317,6,0,,,,,0,0,0,0,0,100
318,318,7,0,,,,,0,0,0,0,0,10
319,319,2,0,,,,,0,0,0,0,0,0
320,320,1,2,,,2,4,0,0,0,0,0,0
321,321,2,0,,,,,0,0,0,0,0,0
322,322,2,0,,,,,0,0,0,0,0,0
323,323,0,0,,,,,0,0,0,0,0,0
324,324,4,6,,,2,5,0,0,0,10,0,0
325,325,0,0,,,,,0,0,0,0,0,0
326,326,0,0,,,,,0,0,0,0,10,0
327,327,0,0,,,,,0,0,0,0,0,0
328,328,4,8,,,5,6,0,0,0,100,0,0
329,329,9,0,,,,,0,0,0,0,0,0
330,330,6,0,,,,,0,0,0,0,0,30
331,331,0,0,2,5,,,0,0,0,0,0,0
332,332,0,0,,,,,0,0,0,0,0,0
333,333,0,0,2,5,,,0,0,0,0,0,0
334,334,2,0,,,,,0,0,0,0,0,0
335,335,13,0,,,,,0,0,0,0,0,0
336,336,2,0,,,,,0,0,0,0,0,0
337,337,0,0,,,,,0,0,0,0,0,0
338,338,0,0,,,,,0,0,0,0,0,0
339,339,2,0,,,,,0,0,0,0,0,0
340,340,4,1,,,,,0,0,0,30,0,0
341,341,6,0,,,,,0,0,0,0,0,100
342,342,4,5,,,,,0,0,1,10,0,0
343,343,0,0,,,,,0,0,0,0,0,0
344,344,4,1,,,,,-33,0,0,10,0,0
345,345,0,0,,,,,0,0,0,0,0,0
346,346,10,0,,,,,0,0,0,0,0,0
347,347,2,0,,,,,0,0,0,0,0,0
348,348,0,0,,,,,0,0,1,0,0,0
349,349,2,0,,,,,0,0,0,0,0,0
350,350,0,0,2,5,,,0,0,0,0,0,0
351,351,0,0,,,,,0,0,0,0,0,0
352,352,4,6,,,2,5,0,0,0,20,0,0
353,353,13,0,,,,,0,0,0,0,0,0
354,354,7,0,,,,,0,0,0,0,0,100
355,355,3,0,,,,,0,50,0,0,0,0
356,356,10,0,,,,,0,0,0,0,0,0
357,357,1,17,,,,,0,0,0,0,0,0
358,358,0,0,,,,,0,0,0,0,0,0
359,359,7,0,,,,,0,0,0,0,0,100
360,360,0,0,,,,,0,0,0,0,0,0
361,361,13,0,,,,,0,0,0,0,0,0
362,362,0,0,,,,,0,0,0,0,0,0
363,363,0,0,,,,,0,0,0,0,0,0
364,364,0,0,,,,,0,0,0,0,0,0
365,365,0,0,,,,,0,0,0,0,0,0
366,366,11,0,,,,,0,0,0,0,0,0
367,367,13,0,,,,,0,0,0,0,0,0
368,368,0,0,,,,,0,0,0,0,0,0
369,369,0,0,,,,,0,0,0,0,0,0
370,370,7,0,,,,,0,0,0,0,0,100
371,371,0,0,,,,,0,0,0,0,0,0
372,372,0,0,,,,,0,0,0,0,0,0
373,373,1,19,,,5,5,0,0,0,0,0,0
374,374,0,0,,,,,0,0,0,0,0,0
375,375,13,0,,,,,0,0,0,0,0,0
376,376,0,0,,,,,0,0,0,0,0,0
377,377,1,15,,,5,5,0,0,0,0,0,0
378,378,0,0,,,,,0,0,0,0,0,0
379,379,13,0,,,,,0,0,0,0,0,0
380,380,13,0,,,,,0,0,0,0,0,0
381,381,11,0,,,,,0,0,0,0,0,0
382,382,0,0,,,,,0,0,0,0,0,0
383,383,13,0,,,,,0,0,0,0,0,0
384,384,13,0,,,,,0,0,0,0,0,0
385,385,13,0,,,,,0,0,0,0,0,0
386,386,0,0,,,,,0,0,0,0,0,0
387,387,0,0,,,,,0,0,0,0,0,0
388,388,13,0,,,,,0,0,0,0,0,0
389,389,0,0,,,,,0,0,0,0,0,0
390,390,11,0,,,,,0,0,0,0,0,0
391,391,13,0,,,,,0,0,0,0,0,0
392,392,13,0,,,,,0,0,0,0,0,0
393,393,13,0,,,,,0,0,0,0,0,0
394,394,4,4,,,,,-33,0,0,10,0,0
395,395,4,1,,,,,0,0,0,30,0,0
396,396,0,0,,,,,0,0,0,0,0,0
397,397,2,0,,,,,0,0,0,0,0,0
398,398,4,5,,,,,0,0,0,30,0,0
399,399,0,0,,,,,0,0,0,0,20,0
400,400,0,0,,,,,0,0,1,0,0,0
401,401,0,0,,,,,0,0,0,0,0,0
402,402,0,0,,,,,0,0,0,0,0,0
403,403,0,0,,,,,0,0,0,0,30,0
404,404,0,0,,,,,0,0,0,0,0,0
405,405,6,0,,,,,0,0,0,0,0,10
406,406,0,0,,,,,0,0,0,0,0,0
407,407,0,0,,,,,0,0,0,0,20,0
408,408,0,0,,,,,0,0,0,0,0,0
409,409,8,0,,,,,50,0,0,0,0,0
410,410,0,0,,,,,0,0,0,0,0,0
411,411,6,0,,,,,0,0,0,0,0,10
412,412,6,0,,,,,0,0,0,0,0,10
413,413,0,0,,,,,-33,0,0,0,0,0
414,414,6,0,,,,,0,0,0,0,0,10
415,415,13,0,,,,,0,0,0,0,0,0
416,416,0,0,,,,,0,0,0,0,0,0
417,417,2,0,,,,,0,0,0,0,0,0
418,418,0,0,,,,,0,0,0,0,0,0
419,419,0,0,,,,,0,0,0,0,0,0
420,420,0,0,,,,,0,0,0,0,0,0
421,421,0,0,,,,,0,0,1,0,0,0
422,422,4,1,,,,,0,0,0,10,10,0
423,423,4,3,,,,,0,0,0,10,10,0
424,424,4,4,,,,,0,0,0,10,10,0
425,425,0,0,,,,,0,0,0,0,0,0
426,426,6,0,,,,,0,0,0,0,0,30
427,427,0,0,,,,,0,0,1,0,0,0
428,428,0,0,,,,,0,0,0,0,20,0
429,429,6,0,,,,,0,0,0,0,0,30
430,430,6,0,,,,,0,0,0,0,0,10
431,431,4,6,,,2,5,0,0,0,20,0,0
432,432,13,0,,,,,0,0,0,0,0,0
433,433,10,0,,,,,0,0,0,0,0,0
434,434,7,0,,,,,0,0,0,0,0,100
435,435,4,1,,,,,0,0,0,30,0,0
436,436,4,4,,,,,0,0,0,30,0,0
437,437,7,0,,,,,0,0,0,0,0,100
438,438,0,0,,,,,0,0,0,0,0,0
439,439,0,0,,,,,0,0,0,0,0,0
440,440,4,5,,,,,0,0,1,10,0,0
441,441,4,5,,,,,0,0,0,30,0,0
442,442,0,0,,,,,0,0,0,0,30,0
443,443,0,0,,,,,0,0,0,0,0,0
444,444,0,0,,,,,0,0,1,0,0,0
445,445,2,0,,,,,0,0,0,0,0,0
446,446,11,0,,,,,0,0,0,0,0,0
447,447,0,0,,,,,0,0,0,0,0,0
448,448,4,6,,,2,5,0,0,0,100,0,0
449,449,0,0,,,,,0,0,0,0,0,0
450,450,0,0,,,,,0,0,0,0,0,0
451,451,7,0,,,,,0,0,0,0,0,70
452,452,0,0,,,,,-33,0,0,0,0,0
453,453,0,0,,,,,0,0,0,0,0,0
454,454,0,0,,,,,0,0,1,0,0,0
455,455,2,0,,,,,0,0,0,0,0,0
456,456,3,0,,,,,0,50,0,0,0,0
457,457,0,0,,,,,-50,0,0,0,0,0
458,458,0,0,2,2,,,0,0,0,0,0,0
459,459,0,0,,,,,0,0,0,0,0,0
460,460,0,0,,,,,0,0,1,0,0,0
461,461,13,0,,,,,0,0,0,0,0,0
462,462,0,0,,,,,0,0,0,0,0,0
463,463,4,8,,,5,6,0,0,0,100,0,0
464,464,1,2,,,2,4,0,0,0,0,0,0
465,465,6,0,,,,,0,0,0,0,0,40
466,466,7,0,,,,,0,0,0,10,0,10
467,467,0,0,,,,,0,0,0,0,0,0
468,468,2,0,,,,,0,0,0,0,0,0
469,469,11,0,,,,,0,0,0,0,0,0
470,470,13,0,,,,,0,0,0,0,0,0
471,471,13,0,,,,,0,0,0,0,0,0
472,472,10,0,,,,,0,0,0,0,0,0
473,473,0,0,,,,,0,0,0,0,0,0
474,474,0,0,,,,,0,0,0,0,0,0
475,475,2,0,,,,,0,0,0,0,0,0
476,476,13,0,,,,,0,0,0,0,0,0
477,477,1,-1,,,3,3,0,0,0,0,0,0
478,478,10,0,,,,,0,0,0,0,0,0
479,479,0,-1,,,,,0,0,0,100,0,0
480,480,0,0,,,,,0,0,6,0,0,0
481,481,0,0,,,,,0,0,0,0,0,0
482,482,4,5,,,,,0,0,0,10,0,0
483,483,2,0,,,,,0,0,0,0,0,0
484,484,0,0,,,,,0,0,0,0,0,0
485,485,0,0,,,,,0,0,0,0,0,0
486,486,0,0,,,,,0,0,0,0,0,0
487,487,13,0,,,,,0,0,0,0,0,0
488,488,7,0,,,,,0,0,0,0,0,100
489,489,2,0,,,,,0,0,0,0,0,0
490,490,6,0,,,,,0,0,0,0,0,100
491,491,6,0,,,,,0,0,0,0,0,100
492,492,0,0,,,,,0,0,0,0,0,0
493,493,13,0,,,,,0,0,0,0,0,0
494,494,13,0,,,,,0,0,0,0,0,0
495,495,13,0,,,,,0,0,0,0,0,0
496,496,0,0,,,,,0,0,0,0,0,0
497,497,0,0,,,,,0,0,0,0,0,0
498,498,0,0,,,,,0,0,0,0,0,0
499,499,0,0,,,,,0,0,0,0,0,0
500,500,0,0,,,,,0,0,0,0,0,0
501,501,11,0,,,,,0,0,0,0,0,0
502,502,13,0,,,,,0,0,0,0,0,0
503,503,4,4,,,,,0,0,0,30,0,0
504,504,13,0,,,,,0,0,0,0,0,0
505,505,3,0,,,,,0,50,0,0,0,0
506,506,0,0,,,,,0,0,0,0,0,0
507,507,0,0,,,,,0,0,0,0,0,0
508,508,2,0,,,,,0,0,0,0,0,0
509,509,0,0,,,,,0,0,0,0,0,0
510,510,0,0,,,,,0,0,0,0,0,0
511,511,13,0,,,,,0,0,0,0,0,0
512,512,0,0,,,,,0,0,0,0,0,0
513,513,13,0,,,,,0,0,0,0,0,0
514,514,0,0,,,,,0,0,0,0,0,0
515,515,0,0,,,,,0,0,0,0,0,0
516,516,13,0,,,,,0,0,0,0,0,0
517,517,4,4,,,,,0,0,0,100,0,0
518,518,0,0,,,,,0,0,0,0,0,0
519,519,0,0,,,,,0,0,0,0,0,0
520,520,0,0,,,,,0,0,0,0,0,0
521,521,0,0,,,,,0,0,0,0,0,0
522,522,6,0,,,,,0,0,0,0,0,100
523,523,6,0,,,,,0,0,0,0,0,100
524,524,0,0,,,,,0,0,6,100,0,0
525,525,0,0,,,,,0,0,0,0,0,0
526,526,2,0,,,,,0,0,0,0,0,0
527,527,6,0,,,,,0,0,0,0,0,100
528,528,0,0,,,,,-25,0,0,0,0,0
529,529,0,0,,,,,0,0,1,0,0,0
530,530,0,0,2,2,,,0,0,0,0,0,0
531,531,0,0,,,,,0,0,0,0,30,0
532,532,8,0,,,,,50,0,0,0,0,0
533,533,0,0,,,,,0,0,0,0,0,0
534,534,6,0,,,,,0,0,0,0,0,50
535,535,0,0,,,,,0,0,0,0,0,0
536,536,6,0,,,,,0,0,0,0,0,50
537,537,0,0,,,,,0,0,0,0,30,0
538,538,2,0,,,,,0,0,0,0,0,0
539,539,6,0,,,,,0,0,0,0,0,40
540,540,0,0,,,,,0,0,0,0,0,0
541,541,0,0,2,5,,,0,0,0,0,0,0
542,542,4,6,,,2,5,0,0,0,30,0,0
543,543,0,0,,,,,-25,0,0,0,0,0
544,544,0,0,2,2,,,0,0,0,0,0,0
545,545,4,4,,,,,0,0,0,30,0,0
546,546,0,0,,,,,0,0,0,0,0,0
547,547,4,2,,,2,4,0,0,0,10,0,0
548,548,0,0,,,,,0,0,0,0,0,0
549,549,6,0,,,,,0,0,0,0,0,100
550,550,4,1,,,,,0,0,0,20,0,0
551,551,4,4,,,,,0,0,0,20,0,0
552,552,7,0,,,,,0,0,0,0,0,50
553,553,4,1,,,,,0,0,0,30,0,0
554,554,4,4,,,,,0,0,0,30,0,0
555,555,6,0,,,,,0,0,0,0,0,100
556,556,0,0,,,,,0,0,0,0,30,0
557,557,7,0,,,,,0,0,0,0,0,100
558,558,0,0,,,,,0,0,0,0,0,0
559,559,0,0,,,,,0,0,0,0,0,0
560,560,0,0,,,,,0,0,0,0,0,0
561,561,11,0,,,,,0,0,0,0,0,0
562,562,0,0,,,,,0,0,0,0,0,0
563,563,2,0,,,,,0,0,0,0,0,100
564,564,11,0,,,,,0,0,0,0,0,0
565,565,0,0,,,,,0,0,0,0,0,0
566,566,0,0,,,,,0,0,0,0,0,0
567,567,13,0,,,,,0,0,0,0,0,0
568,568,2,0,,,,,0,0,0,0,0,100
569,569,10,0,,,,,0,0,0,0,0,0
570,570,8,0,,,,,50,0,0,0,0,0
571,571,13,0,,,,,0,0,0,0,0,0
572,572,0,0,,,,,0,0,0,0,0,0
573,573,4,3,,,,,0,0,0,10,0,0
574,574,0,0,,,,,0,0,0,0,0,0
575,575,2,0,,,,,0,0,0,0,0,100
576,576,13,0,,,,,0,0,0,0,0,0
577,577,8,0,,,,,75,0,0,0,0,0
578,578,11,0,,,,,0,0,0,0,0,0
579,579,13,0,,,,,0,0,0,0,0,100
580,580,10,0,,,,,0,0,0,0,0,0
581,581,10,0,,,,,0,0,0,0,0,0
582,582,13,0,,,,,0,0,0,0,0,0
583,583,6,0,,,,,0,0,0,0,0,10
584,584,0,0,,,,,0,0,0,0,0,0
585,585,6,0,,,,,0,0,0,0,0,30
586,586,0,0,,,,,0,0,0,0,0,0
587,587,10,0,,,,,0,0,0,0,0,0
588,588,13,0,,,,,0,0,0,0,0,0
589,589,2,0,,,,,0,0,0,0,0,100
590,590,2,0,,,,,0,0,0,0,0,100
591,591,7,0,,,,,0,0,0,0,0,50
592,592,4,4,,,,,0,0,0,30,0,0
593,593,0,0,,,,,0,0,0,0,0,0
594,594,0,0,2,5,,,0,0,0,0,0,0
595,595,6,0,,,,,0,0,0,0,0,100
596,596,13,0,,,,,0,0,0,0,0,0
597,597,2,0,,,,,0,0,0,0,0,0
598,598,2,0,,,,,0,0,0,0,0,0
599,599,2,0,,,,,0,0,0,0,0,100
600,600,13,0,,,,,0,0,0,0,0,0
601,601,2,0,,,,,0,0,0,0,0,0
602,602,2,0,,,,,0,0,0,0,0,0
603,603,13,0,,,,,0,0,0,0,0,0
604,604,10,0,,,,,0,0,0,0,0,0
605,605,0,0,,,,,0,0,0,0,0,0
606,606,13,0,,,,,0,0,0,0,0,0
607,607,13,0,,,,,0,0,0,0,0,0
608,608,2,0,,,,,0,0,0,0,0,0
609,609,4,1,,,,,0,0,0,100,0,0
610,610,0,0,,,,,0,0,0,0,0,0
611,611,4,8,,,5,6,0,0,0,100,0,0
612,612,7,0,,,,,0,0,0,0,0,100
613,613,8,0,,,,,75,0,0,0,0,0
614,614,0,-1,,,,,0,0,0,100,0,0
615,615,0,0,,,,,0,0,0,0,0,0
616,616,0,0,,,,,0,0,0,0,0,0
617,617,0,0,,,,,-50,0,0,0,0,0
618,618,0,0,,,,,0,0,0,0,0,0
619,619,0,0,,,,,0,0,0,0,0,0
620,620,7,0,,,,,0,0,0,0,0,100
621,621,7,0,,,,,0,0,0,0,0,100
622,622,0,0,,,,,0,0,0,0,0,0
623,623,0,0,,,,,0,0,0,0,0,0
624,624,0,0,,,,,0,0,0,0,0,0
625,625,0,0,,,,,0,0,0,0,0,0
626,626,0,0,,,,,0,0,0,0,0,0
627,627,0,0,,,,,0,0,0,0,0,0
628,628,0,0,,,,,0,0,0,0,0,0
629,629,0,0,,,,,0,0,0,0,0,0
630,630,0,0,,,,,0,0,0,0,0,0
631,631,0,0,,,,,0,0,0,0,0,0
632,632,0,0,,,,,0,0,0,0,0,0
633,633,0,0,,,,,0,0,0,0,0,0
634,634,0,0,,,,,0,0,0,0,0,0
635,635,0,0,,,,,0,0,0,0,0,0
636,636,0,0,,,,,0,0,0,0,0,0
637,637,0,0,,,,,0,0,0,0,0,0
638,638,0,0,,,,,0,0,0,0,0,0
639,639,0,0,,,,,0,0,0,0,0,0
640,640,0,0,,,,,0,0,0,0,0,0
641,641,0,0,,,,,0,0,0,0,0,0
642,642,0,0,,,,,0,0,0,0,0,0
643,643,0,0,,,,,0,0,0,0,0,0
644,644,0,0,,,,,0,0,0,0,0,0
645,645,0,0,,,,,0,0,0,0,0,0
646,646,0,0,,,,,0,0,0,0,0,0
647,647,0,0,,,,,0,0,0,0,0,0
648,648,0,0,,,,,0,0,0,0,0,0
649,649,0,0,,,,,0,0,0,0,0,0
650,650,0,0,,,,,0,0,0,0,0,0
651,651,0,0,,,,,0,0,0,0,0,0
652,652,0,0,,,,,0,0,0,0,0,0
653,653,0,0,,,,,0,0,0,0,0,0
654,654,0,0,,,,,0,0,0,0,0,0
655,655,0,0,,,,,0,0,0,0,0,0
656,656,0,0,,,,,0,0,0,0,0,0
657,657,0,0,,,,,0,0,0,0,0,0
658,658,0,0,,,,,0,0,0,0,0,0
659,659,3,0,,,,,0,50,0,0,0,0
660,660,0,0,,,,,0,0,0,0,0,0
661,661,13,0,,,,,0,0,0,0,0,0
662,662,0,0,,,,,0,0,0,0,0,0
663,663,0,0,,,,,0,0,0,0,0,0
664,664,0,0,,,,,0,0,0,0,0,0
665,665,7,0,,,,,0,0,0,0,0,100
666,666,3,0,,,,,0,50,0,0,0,0
667,667,0,0,,,,,0,0,0,0,0,0
668,668,13,0,,,,,0,0,0,0,0,100
669,669,0,0,,,,,0,0,0,0,0,0
670,670,0,0,,,,,0,0,0,0,0,0
671,671,13,0,,,,,0,0,0,0,0,0
672,672,5,5,,,,,0,0,0,100,0,100
673,673,13,0,,,,,0,0,0,0,0,0
674,674,2,0,,,,,0,0,0,0,0,0
675,675,4,24,,,2,2,0,0,0,100,0,0
676,676,0,0,,,,,0,0,0,0,0,0
677,677,0,0,,,,,0,0,0,0,0,0
678,678,10,0,,,,,0,0,0,0,0,0
679,679,6,0,,,,,0,0,0,0,0,100
680,680,6,0,,,,,0,0,0,0,0,100
681,681,0,0,,,,,0,0,0,0,0,0
682,682,0,0,,,,,0,0,0,0,0,0
683,683,13,0,,,,,0,0,0,0,0,0
684,684,0,0,,,,,0,0,0,0,0,0
685,685,13,0,,,,,0,50,0,0,0,0
686,686,0,0,,,,,0,0,0,0,0,0
687,687,0,0,,,,,0,0,0,0,0,0
688,688,6,0,,,,,0,0,0,0,0,100
689,689,13,0,,,,,0,0,0,0,0,0
690,690,0,0,,,,,0,0,0,0,0,0
691,691,7,0,,,,,0,0,0,0,0,100
692,692,0,0,,,,,0,0,0,0,0,0
693,693,0,0,,,,,0,0,0,0,0,0
694,694,11,0,,,,,0,0,0,0,0,0
695,695,0,0,,,,,0,0,0,0,0,0
696,696,0,0,,,,,0,0,0,0,0,0
697,697,0,0,,,,,0,0,0,0,0,0
698,698,0,0,,,,,0,0,0,0,0,0
699,699,0,0,,,,,0,0,0,0,0,0
700,700,4,1,,,,,0,0,0,100,0,0
701,701,0,0,,,,,0,0,0,0,0,0
702,702,2,0,,,,,0,0,0,0,0,100
703,703,0,0,,,,,0,0,0,0,0,0
704,704,0,0,,,,,0,0,0,0,0,0
705,705,7,0,,,,,0,0,0,0,0,100
706,706,0,0,,,,,0,0,0,0,0,0
707,707,0,0,,,,,0,0,0,0,0,0
708,708,6,0,,,,,0,0,0,0,0,20
709,709,0,0,,,,,0,0,0,0,0,0
710,710,6,0,,,,,0,0,0,0,0,20
711,711,0,0,,,,,0,0,0,0,0,0
712,712,0,0,,,,,0,0,0,0,0,0
713,713,0,0,,,,,0,0,0,0,0,0
714,714,0,0,,,,,0,0,0,0,0,0
715,715,2,0,,,,,0,0,0,0,0,100
716,716,0,0,,,,,0,0,0,0,30,0
717,717,0,0,,,,,0,0,0,0,0,0
718,718,0,0,,,,,0,0,0,0,0,0
719,719,0,0,,,,,0,0,2,0,0,0
720,720,0,0,,,,,0,0,0,0,0,0
721,721,0,0,,,,,0,0,0,0,0,0
722,722,0,0,,,,,0,0,0,0,0,0
723,723,0,0,,,,,0,0,0,0,0,0
724,724,0,0,,,,,0,0,0,0,0,0
725,725,0,0,,,,,0,0,0,0,0,0
726,726,0,0,,,,,0,0,0,0,0,0
727,727,0,0,,,,,0,0,0,0,0,0
728,728,7,0,,,,,0,0,0,0,0,100
729,729,7,0,,,,,0,0,0,0,0,100
730,730,4,1,,,,,0,0,0,30,0,0
731,731,0,0,,,,,0,0,0,0,30,0
732,732,0,0,,,,,0,0,0,0,0,0
733,733,8,0,,,,,100,0,0,0,0,0
734,734,4,1,,,,,0,0,0,100,0,0
735,735,4,4,,,,,0,0,0,100,0,0
736,736,0,0,,,,,0,0,0,0,0,0
737,737,0,0,,,,,0,0,0,0,0,0
738,738,4,18,,,,,0,0,0,100,0,0
739,739,0,0,,,,,0,0,0,0,0,0
740,740,0,0,,,,,0,0,0,0,0,0
741,741,0,0,,,,,0,0,0,0,0,0
742,742,0,0,2,2,,,0,0,0,0,30,0
743,743,13,0,,,,,0,0,0,0,0,0
744,744,0,0,,,,,0,0,0,0,0,0
745,745,0,0,,,,,0,0,1,0,0,0
746,746,0,0,,,,,0,0,0,0,0,0
747,747,2,0,,,,,0,0,0,0,0,100
748,748,2,0,,,,,0,0,0,0,0,100
749,749,5,42,,,,,0,0,0,100,0,100
750,750,13,0,,,,,0,0,0,0,0,0
751,751,0,0,2,2,,,0,0,0,0,0,0
752,752,13,0,,,,,0,0,0,0,0,0
753,753,13,0,,,,,0,0,0,0,0,0
754,754,0,0,,,,,0,0,0,0,0,0
755,755,0,0,,,,,0,0,0,0,0,0
756,756,13,0,,,,,0,0,0,0,0,0
757,757,0,0,,,,,0,0,0,0,0,0
758,758,0,0,,,,,0,0,0,0,0,0
759,759,0,0,,,,,0,0,0,0,0,0
760,760,0,0,,,,,0,0,0,0,0,0
761,761,0,0,,,,,0,0,0,0,0,0
762,762,0,0,,,,,0,0,0,0,0,0
763,763,0,0,,,,,0,0,0,0,0,0
764,764,0,0,,,,,0,0,0,0,0,0
765,765,0,0,,,,,0,0,0,0,0,0
766,766,0,0,,,,,0,0,0,0,0,0
767,767,0,0,,,,,0,0,0,0,0,0
768,768,0,0,,,,,0,0,0,0,0,0
769,769,0,0,,,,,0,0,0,0,0,0
770,770,0,0,,,,,0,0,0,0,0,0
771,771,0,0,,,,,0,0,0,0,0,0
772,772,0,0,,,,,0,0,0,0,0,0
773,773,0,0,,,,,0,0,0,0,0,0
774,774,0,0,,,,,0,0,0,0,0,0
775,775,2,0,,,,,0,-33,0,0,0,100
776,776,0,0,,,,,0,0,0,0,0,0
777,777,2,0,,,,,0,0,0,0,0,100
778,778,6,0,,,,,0,0,0,0,0,100
779,779,4,8,,,5,6,0,0,0,100,0,0
780,780,4,4,,,,,0,0,0,10,0,0
781,781,0,0,,,,,0,0,0,0,0,0
782,782,0,0,,,,,0,0,0,0,0,0
783,783,7,0,,,,,0,0,0,0,0,100
784,784,6,0,,,,,0,0,0,0,0,100
785,785,0,0,,,,,0,0,0,0,0,0
786,786,0,0,,,,,0,0,0,0,0,0
787,787,6,0,,,,,0,0,0,0,0,100
788,788,6,0,,,,,0,0,0,0,0,100
789,789,6,0,,,,,0,0,0,0,0,100
790,790,4,6,,,2,5,0,0,0,20,0,0
791,791,3,0,,,,,0,25,0,0,0,0
792,792,13,0,,,,,0,0,0,0,0,0
793,793,0,0,,,,,0,0,0,0,0,0
794,794,0,0,,,,,0,0,0,0,0,0
795,795,0,0,,,,,0,0,0,0,0,0
796,796,0,0,,,,,0,0,0,0,0,0
797,797,0,0,,,,,0,0,0,0,0,0
798,798,0,0,,,,,0,0,0,0,0,0
799,799,0,0,2,5,,,0,0,0,0,0,0
800,800,0,0,,,,,0,0,0,100,0,0
801,801,4,5,,,,,0,0,0,20,0,0
802,802,0,0,,,,,0,0,0,0,0,0
803,803,0,0,,,,,0,0,0,0,0,0
804,804,0,0,,,,,0,0,0,0,0,0
805,805,0,0,,,,,0,0,0,0,0,0
806,806,6,0,,,,,0,0,0,0,0,100
807,807,4,4,,,,,0,0,0,100,0,0
808,808,0,0,,,,,0,0,0,0,0,0
809,809,0,0,,,,,0,0,0,0,0,0
810,810,13,0,,,,,0,0,0,0,0,0
811,811,2,0,,,,,0,0,0,0,0,100
812,812,0,0,,,,,0,0,0,0,0,0
813,813,0,0,3,3,,,0,0,0,0,0,0
814,814,0,0,2,2,,,0,0,0,0,0,0
815,815,4,4,,,,,0,0,0,30,0,0
816,816,13,0,,,,,0,25,0,0,0,0
817,817,0,0,,,,,0,0,6,0,0,0
818,818,0,0,3,3,,,0,0,6,0,0,0
819,819,4,8,,,5,6,0,0,0,100,0,0
820,820,0,0,,,,,0,0,0,0,0,0
821,821,4,3,,,,,0,0,0,10,0,0
822,822,0,0,,,,,0,0,0,0,20,0
823,823,6,0,,,,,0,0,0,0,0,100
824,824,0,0,,,,,0,0,0,0,0,0
825,825,0,0,,,,,0,0,0,0,0,0
826,826,0,0,,,,,0,0,0,0,0,0
